XNCE10001,123456
XNCE10002,123456
XNCE10003,123456
XNCE10004,123456
XNCE10005,123456
XNCE10006,123456
XNCE10007,123456
XNCE10008,123456
XNCE10009,123456
XNCE10010,123456
XNCE10011,123456
XNCE10012,123456
XNCE10013,123456
XNCE10014,123456
XNCE10015,123456
XNCE10016,123456
XNCE10017,123456
XNCE10018,123456
XNCE10019,123456
XNCE10020,123456
XNCE10021,123456
XNCE10022,123456
XNCE10023,123456
XNCE10024,123456
XNCE10025,123456
XNCE10026,123456
XNCE10027,123456
XNCE10028,123456
XNCE10029,123456
XNCE10030,123456
XNCE10031,123456
XNCE10032,123456
XNCE10033,123456
XNCE10034,123456
XNCE10035,123456
XNCE10036,123456
XNCE10037,123456
XNCE10038,123456
XNCE10039,123456
XNCE10040,123456
XNCE10041,123456
XNCE10042,123456
XNCE10043,123456
XNCE10044,123456
XNCE10045,123456
XNCE10046,123456
XNCE10047,123456
XNCE10048,123456
XNCE10049,123456
XNCE10050,123456
XNCE10051,123456
XNCE10052,123456
XNCE10053,123456
XNCE10054,123456
XNCE10055,123456
XNCE10056,123456
XNCE10057,123456
XNCE10058,123456
XNCE10059,123456
XNCE10060,123456
XNCE10061,123456
XNCE10062,123456
XNCE10063,123456
XNCE10064,123456
XNCE10065,123456
XNCE10066,123456
XNCE10067,123456
XNCE10068,123456
XNCE10069,123456
XNCE10070,123456
XNCE10071,123456
XNCE10072,123456
XNCE10073,123456
XNCE10074,123456
XNCE10075,123456
XNCE10076,123456
XNCE10077,123456
XNCE10078,123456
XNCE10079,123456
XNCE10080,123456
XNCE10081,123456
XNCE10082,123456
XNCE10083,123456
XNCE10084,123456
XNCE10085,123456
XNCE10086,123456
XNCE10087,123456
XNCE10088,123456
XNCE10089,123456
XNCE10090,123456
XNCE10091,123456
XNCE10092,123456
XNCE10093,123456
XNCE10094,123456
XNCE10095,123456
XNCE10096,123456
XNCE10097,123456
XNCE10098,123456
XNCE10099,123456
XNCE10100,123456
XNCE10101,123456
XNCE10102,123456
XNCE10103,123456
XNCE10104,123456
XNCE10105,123456
XNCE10106,123456
XNCE10107,123456
XNCE10108,123456
XNCE10109,123456
XNCE10110,123456
XNCE10111,123456
XNCE10112,123456
XNCE10113,123456
XNCE10114,123456
XNCE10115,123456
XNCE10116,123456
XNCE10117,123456
XNCE10118,123456
XNCE10119,123456
XNCE10120,123456
XNCE10121,123456
XNCE10122,123456
XNCE10123,123456
XNCE10124,123456
XNCE10125,123456
XNCE10126,123456
XNCE10127,123456
XNCE10128,123456
XNCE10129,123456
XNCE10130,123456
XNCE10131,123456
XNCE10132,123456
XNCE10133,123456
XNCE10134,123456
XNCE10135,123456
XNCE10136,123456
XNCE10137,123456
XNCE10138,123456
XNCE10139,123456
XNCE10140,123456
XNCE10141,123456
XNCE10142,123456
XNCE10143,123456
XNCE10144,123456
XNCE10145,123456
XNCE10146,123456
XNCE10147,123456
XNCE10148,123456
XNCE10149,123456
XNCE10150,123456
XNCE10151,123456
XNCE10152,123456
XNCE10153,123456
XNCE10154,123456
XNCE10155,123456
XNCE10156,123456
XNCE10157,123456
XNCE10158,123456
XNCE10159,123456
XNCE10160,123456
XNCE10161,123456
XNCE10162,123456
XNCE10163,123456
XNCE10164,123456
XNCE10165,123456
XNCE10166,123456
XNCE10167,123456
XNCE10168,123456
XNCE10169,123456
XNCE10170,123456
XNCE10171,123456
XNCE10172,123456
XNCE10173,123456
XNCE10174,123456
XNCE10175,123456
XNCE10176,123456
XNCE10177,123456
XNCE10178,123456
XNCE10179,123456
XNCE10180,123456
XNCE10181,123456
XNCE10182,123456
XNCE10183,123456
XNCE10184,123456
XNCE10185,123456
XNCE10186,123456
XNCE10187,123456
XNCE10188,123456
XNCE10189,123456
XNCE10190,123456
XNCE10191,123456
XNCE10192,123456
XNCE10193,123456
XNCE10194,123456
XNCE10195,123456
XNCE10196,123456
XNCE10197,123456
XNCE10198,123456
XNCE10199,123456
XNCE10200,123456
XNCE10201,123456
XNCE10202,123456
XNCE10203,123456
XNCE10204,123456
XNCE10205,123456
XNCE10206,123456
XNCE10207,123456
XNCE10208,123456
XNCE10209,123456
XNCE10210,123456
XNCE10211,123456
XNCE10212,123456
XNCE10213,123456
XNCE10214,123456
XNCE10215,123456
XNCE10216,123456
XNCE10217,123456
XNCE10218,123456
XNCE10219,123456
XNCE10220,123456
XNCE10221,123456
XNCE10222,123456
XNCE10223,123456
XNCE10224,123456
XNCE10225,123456
XNCE10226,123456
XNCE10227,123456
XNCE10228,123456
XNCE10229,123456
XNCE10230,123456
XNCE10231,123456
XNCE10232,123456
XNCE10233,123456
XNCE10234,123456
XNCE10235,123456
XNCE10236,123456
XNCE10237,123456
XNCE10238,123456
XNCE10239,123456
XNCE10240,123456
XNCE10241,123456
XNCE10242,123456
XNCE10243,123456
XNCE10244,123456
XNCE10245,123456
XNCE10246,123456
XNCE10247,123456
XNCE10248,123456
XNCE10249,123456
XNCE10250,123456
XNCE10251,123456
XNCE10252,123456
XNCE10253,123456
XNCE10254,123456
XNCE10255,123456
XNCE10256,123456
XNCE10257,123456
XNCE10258,123456
XNCE10259,123456
XNCE10260,123456
XNCE10261,123456
XNCE10262,123456
XNCE10263,123456
XNCE10264,123456
XNCE10265,123456
XNCE10266,123456
XNCE10267,123456
XNCE10268,123456
XNCE10269,123456
XNCE10270,123456
XNCE10271,123456
XNCE10272,123456
XNCE10273,123456
XNCE10274,123456
XNCE10275,123456
XNCE10276,123456
XNCE10277,123456
XNCE10278,123456
XNCE10279,123456
XNCE10280,123456
XNCE10281,123456
XNCE10282,123456
XNCE10283,123456
XNCE10284,123456
XNCE10285,123456
XNCE10286,123456
XNCE10287,123456
XNCE10288,123456
XNCE10289,123456
XNCE10290,123456
XNCE10291,123456
XNCE10292,123456
XNCE10293,123456
XNCE10294,123456
XNCE10295,123456
XNCE10296,123456
XNCE10297,123456
XNCE10298,123456
XNCE10299,123456
XNCE10300,123456
XNCE10301,123456
XNCE10302,123456
XNCE10303,123456
XNCE10304,123456
XNCE10305,123456
XNCE10306,123456
XNCE10307,123456
XNCE10308,123456
XNCE10309,123456
XNCE10310,123456
XNCE10311,123456
XNCE10312,123456
XNCE10313,123456
XNCE10314,123456
XNCE10315,123456
XNCE10316,123456
XNCE10317,123456
XNCE10318,123456
XNCE10319,123456
XNCE10320,123456
XNCE10321,123456
XNCE10322,123456
XNCE10323,123456
XNCE10324,123456
XNCE10325,123456
XNCE10326,123456
XNCE10327,123456
XNCE10328,123456
XNCE10329,123456
XNCE10330,123456
XNCE10331,123456
XNCE10332,123456
XNCE10333,123456
XNCE10334,123456
XNCE10335,123456
XNCE10336,123456
XNCE10337,123456
XNCE10338,123456
XNCE10339,123456
XNCE10340,123456
XNCE10341,123456
XNCE10342,123456
XNCE10343,123456
XNCE10344,123456
XNCE10345,123456
XNCE10346,123456
XNCE10347,123456
XNCE10348,123456
XNCE10349,123456
XNCE10350,123456
XNCE10351,123456
XNCE10352,123456
XNCE10353,123456
XNCE10354,123456
XNCE10355,123456
XNCE10356,123456
XNCE10357,123456
XNCE10358,123456
XNCE10359,123456
XNCE10360,123456
XNCE10361,123456
XNCE10362,123456
XNCE10363,123456
XNCE10364,123456
XNCE10365,123456
XNCE10366,123456
XNCE10367,123456
XNCE10368,123456
XNCE10369,123456
XNCE10370,123456
XNCE10371,123456
XNCE10372,123456
XNCE10373,123456
XNCE10374,123456
XNCE10375,123456
XNCE10376,123456
XNCE10377,123456
XNCE10378,123456
XNCE10379,123456
XNCE10380,123456
XNCE10381,123456
XNCE10382,123456
XNCE10383,123456
XNCE10384,123456
XNCE10385,123456
XNCE10386,123456
XNCE10387,123456
XNCE10388,123456
XNCE10389,123456
XNCE10390,123456
XNCE10391,123456
XNCE10392,123456
XNCE10393,123456
XNCE10394,123456
XNCE10395,123456
XNCE10396,123456
XNCE10397,123456
XNCE10398,123456
XNCE10399,123456
XNCE10400,123456
XNCE10401,123456
XNCE10402,123456
XNCE10403,123456
XNCE10404,123456
XNCE10405,123456
XNCE10406,123456
XNCE10407,123456
XNCE10408,123456
XNCE10409,123456
XNCE10410,123456
XNCE10411,123456
XNCE10412,123456
XNCE10413,123456
XNCE10414,123456
XNCE10415,123456
XNCE10416,123456
XNCE10417,123456
XNCE10418,123456
XNCE10419,123456
XNCE10420,123456
XNCE10421,123456
XNCE10422,123456
XNCE10423,123456
XNCE10424,123456
XNCE10425,123456
XNCE10426,123456
XNCE10427,123456
XNCE10428,123456
XNCE10429,123456
XNCE10430,123456
XNCE10431,123456
XNCE10432,123456
XNCE10433,123456
XNCE10434,123456
XNCE10435,123456
XNCE10436,123456
XNCE10437,123456
XNCE10438,123456
XNCE10439,123456
XNCE10440,123456
XNCE10441,123456
XNCE10442,123456
XNCE10443,123456
XNCE10444,123456
XNCE10445,123456
XNCE10446,123456
XNCE10447,123456
XNCE10448,123456
XNCE10449,123456
XNCE10450,123456
XNCE10451,123456
XNCE10452,123456
XNCE10453,123456
XNCE10454,123456
XNCE10455,123456
XNCE10456,123456
XNCE10457,123456
XNCE10458,123456
XNCE10459,123456
XNCE10460,123456
XNCE10461,123456
XNCE10462,123456
XNCE10463,123456
XNCE10464,123456
XNCE10465,123456
XNCE10466,123456
XNCE10467,123456
XNCE10468,123456
XNCE10469,123456
XNCE10470,123456
XNCE10471,123456
XNCE10472,123456
XNCE10473,123456
XNCE10474,123456
XNCE10475,123456
XNCE10476,123456
XNCE10477,123456
XNCE10478,123456
XNCE10479,123456
XNCE10480,123456
XNCE10481,123456
XNCE10482,123456
XNCE10483,123456
XNCE10484,123456
XNCE10485,123456
XNCE10486,123456
XNCE10487,123456
XNCE10488,123456
XNCE10489,123456
XNCE10490,123456
XNCE10491,123456
XNCE10492,123456
XNCE10493,123456
XNCE10494,123456
XNCE10495,123456
XNCE10496,123456
XNCE10497,123456
XNCE10498,123456
XNCE10499,123456
XNCE10500,123456
XNCE10501,123456
XNCE10502,123456
XNCE10503,123456
XNCE10504,123456
XNCE10505,123456
XNCE10506,123456
XNCE10507,123456
XNCE10508,123456
XNCE10509,123456
XNCE10510,123456
XNCE10511,123456
XNCE10512,123456
XNCE10513,123456
XNCE10514,123456
XNCE10515,123456
XNCE10516,123456
XNCE10517,123456
XNCE10518,123456
XNCE10519,123456
XNCE10520,123456
XNCE10521,123456
XNCE10522,123456
XNCE10523,123456
XNCE10524,123456
XNCE10525,123456
XNCE10526,123456
XNCE10527,123456
XNCE10528,123456
XNCE10529,123456
XNCE10530,123456
XNCE10531,123456
XNCE10532,123456
XNCE10533,123456
XNCE10534,123456
XNCE10535,123456
XNCE10536,123456
XNCE10537,123456
XNCE10538,123456
XNCE10539,123456
XNCE10540,123456
XNCE10541,123456
XNCE10542,123456
XNCE10543,123456
XNCE10544,123456
XNCE10545,123456
XNCE10546,123456
XNCE10547,123456
XNCE10548,123456
XNCE10549,123456
XNCE10550,123456
XNCE10551,123456
XNCE10552,123456
XNCE10553,123456
XNCE10554,123456
XNCE10555,123456
XNCE10556,123456
XNCE10557,123456
XNCE10558,123456
XNCE10559,123456
XNCE10560,123456
XNCE10561,123456
XNCE10562,123456
XNCE10563,123456
XNCE10564,123456
XNCE10565,123456
XNCE10566,123456
XNCE10567,123456
XNCE10568,123456
XNCE10569,123456
XNCE10570,123456
XNCE10571,123456
XNCE10572,123456
XNCE10573,123456
XNCE10574,123456
XNCE10575,123456
XNCE10576,123456
XNCE10577,123456
XNCE10578,123456
XNCE10579,123456
XNCE10580,123456
XNCE10581,123456
XNCE10582,123456
XNCE10583,123456
XNCE10584,123456
XNCE10585,123456
XNCE10586,123456
XNCE10587,123456
XNCE10588,123456
XNCE10589,123456
XNCE10590,123456
XNCE10591,123456
XNCE10592,123456
XNCE10593,123456
XNCE10594,123456
XNCE10595,123456
XNCE10596,123456
XNCE10597,123456
XNCE10598,123456
XNCE10599,123456
XNCE10600,123456
XNCE10601,123456
XNCE10602,123456
XNCE10603,123456
XNCE10604,123456
XNCE10605,123456
XNCE10606,123456
XNCE10607,123456
XNCE10608,123456
XNCE10609,123456
XNCE10610,123456
XNCE10611,123456
XNCE10612,123456
XNCE10613,123456
XNCE10614,123456
XNCE10615,123456
XNCE10616,123456
XNCE10617,123456
XNCE10618,123456
XNCE10619,123456
XNCE10620,123456
XNCE10621,123456
XNCE10622,123456
XNCE10623,123456
XNCE10624,123456
XNCE10625,123456
XNCE10626,123456
XNCE10627,123456
XNCE10628,123456
XNCE10629,123456
XNCE10630,123456
XNCE10631,123456
XNCE10632,123456
XNCE10633,123456
XNCE10634,123456
XNCE10635,123456
XNCE10636,123456
XNCE10637,123456
XNCE10638,123456
XNCE10639,123456
XNCE10640,123456
XNCE10641,123456
XNCE10642,123456
XNCE10643,123456
XNCE10644,123456
XNCE10645,123456
XNCE10646,123456
XNCE10647,123456
XNCE10648,123456
XNCE10649,123456
XNCE10650,123456
XNCE10651,123456
XNCE10652,123456
XNCE10653,123456
XNCE10654,123456
XNCE10655,123456
XNCE10656,123456
XNCE10657,123456
XNCE10658,123456
XNCE10659,123456
XNCE10660,123456
XNCE10661,123456
XNCE10662,123456
XNCE10663,123456
XNCE10664,123456
XNCE10665,123456
XNCE10666,123456
XNCE10667,123456
XNCE10668,123456
XNCE10669,123456
XNCE10670,123456
XNCE10671,123456
XNCE10672,123456
XNCE10673,123456
XNCE10674,123456
XNCE10675,123456
XNCE10676,123456
XNCE10677,123456
XNCE10678,123456
XNCE10679,123456
XNCE10680,123456
XNCE10681,123456
XNCE10682,123456
XNCE10683,123456
XNCE10684,123456
XNCE10685,123456
XNCE10686,123456
XNCE10687,123456
XNCE10688,123456
XNCE10689,123456
XNCE10690,123456
XNCE10691,123456
XNCE10692,123456
XNCE10693,123456
XNCE10694,123456
XNCE10695,123456
XNCE10696,123456
XNCE10697,123456
XNCE10698,123456
XNCE10699,123456
XNCE10700,123456
XNCE10701,123456
XNCE10702,123456
XNCE10703,123456
XNCE10704,123456
XNCE10705,123456
XNCE10706,123456
XNCE10707,123456
XNCE10708,123456
XNCE10709,123456
XNCE10710,123456
XNCE10711,123456
XNCE10712,123456
XNCE10713,123456
XNCE10714,123456
XNCE10715,123456
XNCE10716,123456
XNCE10717,123456
XNCE10718,123456
XNCE10719,123456
XNCE10720,123456
XNCE10721,123456
XNCE10722,123456
XNCE10723,123456
XNCE10724,123456
XNCE10725,123456
XNCE10726,123456
XNCE10727,123456
XNCE10728,123456
XNCE10729,123456
XNCE10730,123456
XNCE10731,123456
XNCE10732,123456
XNCE10733,123456
XNCE10734,123456
XNCE10735,123456
XNCE10736,123456
XNCE10737,123456
XNCE10738,123456
XNCE10739,123456
XNCE10740,123456
XNCE10741,123456
XNCE10742,123456
XNCE10743,123456
XNCE10744,123456
XNCE10745,123456
XNCE10746,123456
XNCE10747,123456
XNCE10748,123456
XNCE10749,123456
XNCE10750,123456
XNCE10751,123456
XNCE10752,123456
XNCE10753,123456
XNCE10754,123456
XNCE10755,123456
XNCE10756,123456
XNCE10757,123456
XNCE10758,123456
XNCE10759,123456
XNCE10760,123456
XNCE10761,123456
XNCE10762,123456
XNCE10763,123456
XNCE10764,123456
XNCE10765,123456
XNCE10766,123456
XNCE10767,123456
XNCE10768,123456
XNCE10769,123456
XNCE10770,123456
XNCE10771,123456
XNCE10772,123456
XNCE10773,123456
XNCE10774,123456
XNCE10775,123456
XNCE10776,123456
XNCE10777,123456
XNCE10778,123456
XNCE10779,123456
XNCE10780,123456
XNCE10781,123456
XNCE10782,123456
XNCE10783,123456
XNCE10784,123456
XNCE10785,123456
XNCE10786,123456
XNCE10787,123456
XNCE10788,123456
XNCE10789,123456
XNCE10790,123456
XNCE10791,123456
XNCE10792,123456
XNCE10793,123456
XNCE10794,123456
XNCE10795,123456
XNCE10796,123456
XNCE10797,123456
XNCE10798,123456
XNCE10799,123456
XNCE10800,123456
XNCE10801,123456
XNCE10802,123456
XNCE10803,123456
XNCE10804,123456
XNCE10805,123456
XNCE10806,123456
XNCE10807,123456
XNCE10808,123456
XNCE10809,123456
XNCE10810,123456
XNCE10811,123456
XNCE10812,123456
XNCE10813,123456
XNCE10814,123456
XNCE10815,123456
XNCE10816,123456
XNCE10817,123456
XNCE10818,123456
XNCE10819,123456
XNCE10820,123456
XNCE10821,123456
XNCE10822,123456
XNCE10823,123456
XNCE10824,123456
XNCE10825,123456
XNCE10826,123456
XNCE10827,123456
XNCE10828,123456
XNCE10829,123456
XNCE10830,123456
XNCE10831,123456
XNCE10832,123456
XNCE10833,123456
XNCE10834,123456
XNCE10835,123456
XNCE10836,123456
XNCE10837,123456
XNCE10838,123456
XNCE10839,123456
XNCE10840,123456
XNCE10841,123456
XNCE10842,123456
XNCE10843,123456
XNCE10844,123456
XNCE10845,123456
XNCE10846,123456
XNCE10847,123456
XNCE10848,123456
XNCE10849,123456
XNCE10850,123456
XNCE10851,123456
XNCE10852,123456
XNCE10853,123456
XNCE10854,123456
XNCE10855,123456
XNCE10856,123456
XNCE10857,123456
XNCE10858,123456
XNCE10859,123456
XNCE10860,123456
XNCE10861,123456
XNCE10862,123456
XNCE10863,123456
XNCE10864,123456
XNCE10865,123456
XNCE10866,123456
XNCE10867,123456
XNCE10868,123456
XNCE10869,123456
XNCE10870,123456
XNCE10871,123456
XNCE10872,123456
XNCE10873,123456
XNCE10874,123456
XNCE10875,123456
XNCE10876,123456
XNCE10877,123456
XNCE10878,123456
XNCE10879,123456
XNCE10880,123456
XNCE10881,123456
XNCE10882,123456
XNCE10883,123456
XNCE10884,123456
XNCE10885,123456
XNCE10886,123456
XNCE10887,123456
XNCE10888,123456
XNCE10889,123456
XNCE10890,123456
XNCE10891,123456
XNCE10892,123456
XNCE10893,123456
XNCE10894,123456
XNCE10895,123456
XNCE10896,123456
XNCE10897,123456
XNCE10898,123456
XNCE10899,123456
XNCE10900,123456
XNCE10901,123456
XNCE10902,123456
XNCE10903,123456
XNCE10904,123456
XNCE10905,123456
XNCE10906,123456
XNCE10907,123456
XNCE10908,123456
XNCE10909,123456
XNCE10910,123456
XNCE10911,123456
XNCE10912,123456
XNCE10913,123456
XNCE10914,123456
XNCE10915,123456
XNCE10916,123456
XNCE10917,123456
XNCE10918,123456
XNCE10919,123456
XNCE10920,123456
XNCE10921,123456
XNCE10922,123456
XNCE10923,123456
XNCE10924,123456
XNCE10925,123456
XNCE10926,123456
XNCE10927,123456
XNCE10928,123456
XNCE10929,123456
XNCE10930,123456
XNCE10931,123456
XNCE10932,123456
XNCE10933,123456
XNCE10934,123456
XNCE10935,123456
XNCE10936,123456
XNCE10937,123456
XNCE10938,123456
XNCE10939,123456
XNCE10940,123456
XNCE10941,123456
XNCE10942,123456
XNCE10943,123456
XNCE10944,123456
XNCE10945,123456
XNCE10946,123456
XNCE10947,123456
XNCE10948,123456
XNCE10949,123456
XNCE10950,123456
XNCE10951,123456
XNCE10952,123456
XNCE10953,123456
XNCE10954,123456
XNCE10955,123456
XNCE10956,123456
XNCE10957,123456
XNCE10958,123456
XNCE10959,123456
XNCE10960,123456
XNCE10961,123456
XNCE10962,123456
XNCE10963,123456
XNCE10964,123456
XNCE10965,123456
XNCE10966,123456
XNCE10967,123456
XNCE10968,123456
XNCE10969,123456
XNCE10970,123456
XNCE10971,123456
XNCE10972,123456
XNCE10973,123456
XNCE10974,123456
XNCE10975,123456
XNCE10976,123456
XNCE10977,123456
XNCE10978,123456
XNCE10979,123456
XNCE10980,123456
XNCE10981,123456
XNCE10982,123456
XNCE10983,123456
XNCE10984,123456
XNCE10985,123456
XNCE10986,123456
XNCE10987,123456
XNCE10988,123456
XNCE10989,123456
XNCE10990,123456
XNCE10991,123456
XNCE10992,123456
XNCE10993,123456
XNCE10994,123456
XNCE10995,123456
XNCE10996,123456
XNCE10997,123456
XNCE10998,123456
XNCE10999,123456
XNCE11000,123456
